Id,Stations,LAT,LON
1,ABHANPUR JN,21.052778,81.745556
2,Abohar,30.145293,74.199304
3,Abu Road,24.48,72.78
4,Achalpur,21.257584,77.508675
5,Achhnera Jn,27.17737,77.753791
6,Adilabad,19.67,78.53
7,Adra Jn,23.5,86.67
8,ADRAJMOTI,23.264317,72.573719
9,Adrsh Ngr Delhi,28.635308,77.22496
10,AGARTALA,23.831457,91.286778
11,Agra Cantt,27.156621,78.013831
12,Agra Fort,27.179533,78.021112
13,Ahmedabad Jn,23.019417,72.610699
14,Aishbagh,26.836186,80.908676
15,Ait,25.893552,79.241013
16,Ajmer Jn,26.106942,74.318309
17,Ajni,21.126852,79.082688
18,Akola Jn,20.7,77
19,Aligarh Jn,27.918378,78.088726
20,Alipur Duar Jn,26.5,89.516667
21,Allahabad City,25.435801,81.846311
22,Allahabad Jn,25.362874,82.192454
23,Alleppey,9.498067,76.338848
24,Alwar,27.560932,76.625017
25,Amb Andaura,31.670387,76.110246
26,Ambala Cant Jn,30.378179,76.776697
27,Ambernath,19.182517,73.192602
28,Ambikapur,23.135492,83.181786
29,Ambliyasan,23.823638,72.202326
30,Amla Jn,21.924335,78.127856
31,AMRAVATI,20.937424,77.779551
32,Amritsar Jn,31.633979,74.872264
33,Anand Jn,19.170577,72.953885
34,ANAND NAGAR,27.1,83.283333
35,Anand Vihar TRM,28.830926,77.57173
36,Andal Jn,23.582115,87.185727
37,Angul,20.840601,85.153122
38,Anupgarh,29.189444,73.208333
39,Anuppur Jn,23.113655,81.697629
40,Ara,25.556044,84.660331
41,Arakkonam,13.075239,79.655824
42,Arsikere Jn,13.313889,76.256111
43,Arvi,21.001927,78.227678
44,Asangaon,19.439569,73.307954
45,Asansol Jn,23.68,86.99
46,Atari,31.597811,74.601978
47,Aunrihar Jn,25.541999,83.183741
48,Aurangabad,19.876165,75.343314
49,Ayodhya,26.8,82.2
50,Azamgarh,26.073704,83.185946
51,Azimganj Jn,24.232055,88.253419
52,Badampahar,22.088031,86.111558
53,Badlapur,19.166785,73.23679
54,Badnera Jn,20.857208,77.728414
55,Bagalkot,16.1817,75.6958
56,BAGHDOGRA,26.69953,88.318892
57,Baidyanathdham,24.489222,86.69203
58,BAIJNATHPAPROLA,32.051061,76.634986
59,Bairabi (Bhairabi),24.182318,92.536117
60,BAKA,20.982173,70.818723
61,Bakhtiyarpur Jn,25.456047,85.530512
62,Balaghat,21.812876,80.183829
63,Balamu Jn,27.051416,79.913673
64,Balangir,20.707423,83.484272
65,Balasore,21.494977,86.942658
66,BALGONA,23.458361,87.950711
67,Balharshah,19.833333,79.35
68,Ballia,25.758438,84.148732
69,Balurghat,25.22,88.77
70,BAMANHAT,26.071829,89.586304
71,Banda Jn,25.483333,80.333333
72,Bandikui Jn,27.05,76.57
73,Bandra Terminus,19.063575,72.84047
74,Bangalore Cant,12.971599,77.594563
75,Bangalore Cy Jn,12.971599,77.594563
76,Bangarapet,12.991491,78.17876
77,BANGRIPOSI,22.152718,86.54133
78,Bankura,23.237163,87.065222
79,Banmankhi Junction,25.884858,87.193537
80,Barabanki Jn,26.92,81.2
81,Barabhum,23.029546,86.361753
82,Baramati,18.15,74.58
83,Barauni Jn,25.471222,85.977745
84,Barbil,22.10534,85.378964
85,Barddhaman Jn,23.249141,87.870535
86,Bareilly,28.367036,79.430438
87,Bareilly City,28.367036,79.430438
88,BARHAJ BAZAR,26.283738,83.731205
89,Barharwa Jn,24.85662,87.777563
90,Barhni,27.497526,82.787235
91,BARI,26.64679,77.615302
92,BARI SADRI,24.412965,74.473549
93,Baripada,21.94,86.72
94,Barka Kana,23.62,85.48
95,Barmer,25.75,71.38
96,Barrackpore,22.767428,88.388346
97,Barsoi Jn,25.619325,87.925513
98,Barsuan,21.85281,85.098653
99,Barwadih Jn,23.847518,84.117125
100,Bayana Jn,26.915809,77.289361
101,Beas,31.51655,75.28897
102,Belda,22.08,87.35
103,Belgaum,15.85,74.5
104,Bellary Jn,15.139393,76.921443
105,Berhampore Court,24.089354,88.263912
106,Betul,21.92,77.9
107,Bhabua Road,25.173056,83.619337
108,Bhadrachalam Rd,17.647805,80.93672
109,Bhadrakh,21.058274,86.49584
110,Bhadran,22.3593,72.9005
111,Bhaga Jn,23.877557,86.879737
112,Bhagalpur,25.25,87
113,Bhagat Ki Kothi,26.258295,73.016743
114,Bharatpur Jn,27.216981,77.489515
115,Bharuch Jn,21.705136,72.995875
116,Bhatinda Jn,30.210994,74.945475
117,Bhatni Jn,23.907551,78.016685
118,Bhaunra,27.031083,84.653144
119,Bhavnagar Trmus,21.764473,72.15193
120,Bhawanipatna,19.9,83.17
121,BHIKHNA THORI,27.322649,84.61128
122,Bhilad,20.283333,72.883333
123,Bhildi,24.19541,72.027142
124,Bhilwara,25.321377,74.586953
125,Bhimavaram Jn,16.544893,81.521241
126,Bhimavaram Town,16.544893,81.521241
127,Bhind,26.5642,78.7883
128,Bhiwani,28.799045,76.133511
129,Bhojudih Jn,23.642419,86.446563
130,Bhopal Jn,23.259933,77.412615
131,Bhubaneswar,20.296059,85.82454
132,Bhuj,23.242,69.666932
133,Bhusawal Jn,21.05,75.77
134,Bidar,17.92,77.519722
135,BIHARIGANJ,25.733044,86.987742
136,Bijapur,16.83,75.71
137,Bikaner Jn,28.016667,73.311944
138,BILARA,26.1792,73.7056
139,Bilaspur Jn,22.079625,82.139141
140,Bilimora Jn,20.769026,72.977774
141,Bina Jn,24.18,78.2
142,Bir,18.989089,75.760078
143,Birmitrapur,22.408584,84.715882
144,Birur Jn,13.5959,75.9711
145,Bishnupur,24.63036,93.759829
146,Bitragunta,14.79499,79.95844
147,Bobbili,18.573505,83.358365
148,Bodhan,18.67,77.9
149,Boisar,19.8,72.75
150,Bokaro Stl City,23.67,86.15
151,Bolarum,17.514444,78.513611
152,Bolpur S Niktn,23.668689,87.682768
153,Bongaigaon,26.48,90.56
154,Botad Jn,22.17,71.67
155,Brahmapur,19.314962,84.794091
156,Bulandshahr,28.406963,77.849829
157,Buniadpur,25.38755,88.387051
158,Burhwal,25.121382,84.327252
159,Buxar,25.56471,83.977748
160,C Shahumharaj T,18.642275,73.773116
161,Castle Rock,15.3979,74.3322
162,Chakradharpur,22.676545,85.6255
163,Chalisgaon Jn,20.47,75.02
164,Chamarajanagar,11.926147,76.943731
165,Chanda Fort,19.946423,79.296771
166,Chandausi Jn,28.448051,78.77961
167,Chandia Road,25.045768,68.651293
168,Chandigarh,30.733315,76.779418
169,CHANDOD,25.533756,73.133485
170,Chandrapura,23.74755,86.121742
171,Chaparmukh Jn,26.203411,92.5189
172,Charuvattur,12.216516,75.162615
173,CHAURADANO,26.847446,85.010352
174,Chengalpattu,12.683995,79.983348
175,Chennai Beach,13.09183,80.292157
176,Chennai Central,13.083634,80.27421
177,Chennai Egmore,13.077814,80.259662
178,Chhapra,25.783548,84.753143
179,Chhatrapur,19.35,84.98
180,CHHINDWARA JN,22.057437,78.938173
181,CHHOTA UDEPUR,22.308494,74.011999
182,Chikballapur,13.522865,77.836728
183,Chikjajur Jn,14.126,76.141
184,Chirimiri,23.18795,82.354162
185,Chitradurga,14.23,76.4
186,Chitrakoot,25.178815,80.865453
187,Chittaurgarh,24.888744,74.626922
188,Chittoor,13.217176,79.100329
189,Chopan,24.523265,83.020024
190,CHORANDA JN,21.988927,73.173313
191,Chunar,25.10341,82.866754
192,Churu,28.3,74.95
193,Coimbatore Jn,11.016845,76.955832
194,Coonoor,11.353002,76.79591
195,COSSIMBAZAR,24.12,88.28
196,Cuddalore Port,11.707256,79.742792
197,Cuddapah,14.467354,78.824134
198,Cuttack,20.462521,85.88299
199,Dabhoi Junction,22.132339,73.412128
200,Dabli Rathan,29.550699,74.191518
201,Dadar,19.021324,72.842418
202,Dahanu Road,19.991512,72.743519
203,Dahod,22.837931,74.253146
204,Dakor,22.75,73.15
205,Dalli Rajhara,20.58,81.08
206,Damoh,23.838099,79.442173
207,Danapur,25.633333,85.05
208,DANGARI,25.990036,81.923471
209,Dankaur,28.35,77.55
210,Darbhanga Jn,26.160497,85.899783
211,Darjeeling,27.036007,88.262675
212,Daund Jn,18.463056,74.578889
213,Dauram Madhpura,25.908449,86.782912
214,Dehradun,30.316495,78.032192
215,Dehri On Sone,24.927735,84.190984
216,Dekargaon,26.531796,92.034666
217,Delhi,28.635308,77.22496
218,Delhi S Rohilla,28.685537,77.29099
219,Delvada,20.776459,71.042348
220,DERABABA NANAK,32.032186,75.030448
221,DEVANAHALLI,13.241716,77.713731
222,Devlali,19.906167,73.824262
223,DHACA CANTT,23.819623,90.397224
224,Dhamtari,20.71,81.55
225,Dhanbad Jn,23.795653,86.430386
226,Dharmabad,18.9,77.85
227,DHARMANAGAR,24.37,92.17
228,Dharmapuri,12.101647,78.13463
229,Dharwar,15.458924,75.007808
230,DHASA JN,21.8,71.516667
231,Dhaulpur,26.7,77.9
232,Dhola Jn,21.821999,71.740005
233,Dhone,15.400271,77.872011
234,Dhrangadhra,22.98,71.47
235,Dhubri,26.020698,89.974346
236,Dhule,20.90422,74.774898
237,Dhuri Jn,30.37,75.87
238,DIBRUGARH,27.472833,94.911962
239,Dibrugarh Town,27.472833,94.911962
240,Digha,21.626617,87.507431
241,Dildarnagar Jn,25.423199,83.669815
242,Dimapur,25.8,93.783333
243,Dindigul Jn,10.367312,77.980291
244,DINHATA,26.133333,89.466667
245,Diva Junction,19.189002,73.042926
246,Dohrighat,26.26,83.52
247,Dombivli,19.209401,73.093948
248,Dongargarh,21.18842,80.75875
249,Dornakal Jn,17.445109,80.156813
250,Dullabcherra,24.485815,92.434151
251,Dumka,24.27,87.25
252,Duraundha Jn,26.085847,84.456646
253,Durg,21.19,81.28
254,Durgapur,23.520444,87.311923
255,Eluru,16.917418,81.339941
256,Ernakulam Jn,9.981636,76.299884
257,Erode Jn,11.341036,77.717164
258,Etah,27.56,78.66
259,Etawah,26.811712,79.00469
260,Faizabad Jn,26.77,82.15
261,Fakiragram Jn,26.364676,90.18345
262,Farrukhabad,27.382613,79.594054
263,FARUKHNAGAR,28.45,76.82
264,Fatehabad Ch Junction,27.00545,78.106738
265,Fatehpur,25.920074,80.809994
266,Fazilka,30.403648,74.027962
267,Firozpur Cant,30.941897,74.618266
268,Furkating Jn,26.458017,94.015254
269,Gadag Jn,15.432465,75.638034
270,Gadwal,16.23,77.8
271,Gajraula Jn,28.84485,78.239349
272,Gandhidham Bg,23.06879,70.147999
273,Gandhigram,26.388766,80.407613
274,Gandhinagar Cap,23.233746,72.629346
275,Garhbeta,22.86,87.36
276,Garhi Harsaru,28.45,76.933333
277,Gaya Jn,24.795452,84.999431
278,Gevra Road,22.34921,82.64615
279,Ghatsila,23.018135,85.893391
280,Ghaziabad,28.669157,77.453758
281,Giridih,24.182139,86.286951
282,Godhra Jn,22.778804,73.61428
283,Gomoh Jn,23.87,86.17
284,Gonda Jn,27.133991,81.961897
285,Gondia Jn,21.4598,80.195
286,Gooty,15.122948,77.632559
287,Gorakhpur Jn,26.760555,83.373168
288,GUA,15.299327,74.123996
289,Gudivada Jn,16.43,80.99
290,Gudur Jn,14.146319,79.850389
291,Gulbarga,17.329731,76.834296
292,Guna,24.65,77.32
293,Guntakal Jn,15.167409,77.373624
294,Guntur Jn,16.306652,80.43654
295,GUNUPUR,19.08,83.82
296,Guruvayur,10.59525,76.036258
297,Guwahati,26.144517,91.736237
298,Gwalior,26.218287,78.182831
299,H Nizamuddin,25.942377,81.087883
300,Habibganj,27.916966,78.4418
301,Haibargaon,26.344258,92.680994
302,Hajipur Jn,25.68,85.22
303,Haldia,22.066674,88.069812
304,Haldibari,26.334544,88.780658
305,Hanumangarh Jn,29.622444,74.294221
306,Hapa,23.567202,72.920956
307,Hapur,28.73058,77.775882
308,Haridwar Jn,29.945691,78.164248
309,Harihar,14.530457,75.801096
310,Hathras Jn,27.6,78.05
311,Hatia,22.749659,85.917677
312,Hazaribagh Rd,24.274687,85.793571
313,HIJILLI,22.849137,88.602417
314,Himatnagar,23.612325,72.96031
315,Hindupur,13.83,77.49
316,Hisar,29.149188,75.721653
317,Hoshangabad,22.744108,77.736967
318,HOSHIARPUR,31.53,75.92
319,Hospet Jn,15.268854,76.390924
320,Hosur,12.72,77.82
321,Howrah Jn,22.595769,88.263639
322,Hubli Jn,15.364708,75.123955
323,Hyderabad Decan,17.393977,78.467768
324,Igatpuri,19.697316,73.560936
325,Indara Jn,25.986685,83.62154
326,Indore Jn Bg,22.731815,75.902161
327,Indore Junction (MG),22.964254,76.051621
328,Islampur,17.050033,74.265175
329,Itarsi Jn,22.605486,77.753544
330,Itwari,21.153878,79.111102
331,Izatnagar,28.402557,79.424522
332,Jabalpur,23.166667,79.933333
333,Jagdalpur,19.07,82.03
334,JAIJONDOABA,31.345899,76.14794
335,Jaipur,26.912434,75.787271
336,Jaisalmer,26.915749,70.908344
337,Jajpur K Road,20.842379,86.16502
338,Jakhal Jn,27.91,75.44
339,Jalamb Jn,20.816667,76.583333
340,Jalandhar City,31.326015,75.576183
341,Jalna,19.829689,75.88003
342,Jamalpur Jn,24.924979,89.946341
343,Jammu Tawi,32.706548,74.880683
344,Jamnagar,22.470702,70.05773
345,JAMNER,20.809571,75.778736
346,Jangaon,17.72,79.18
347,Jangipur Road,24.452328,88.038063
348,Jasidih Jn,24.52,86.65
349,Jaunpur Jn,25.749003,82.6987
350,Jawlmukhi Road,31.977161,76.238583
351,Jaynagar,26.5925,86.137222
352,Jetalsar Jn,21.708431,70.578551
353,Jhajha,24.767,86.376
354,JHALAWAR CITY,24.6,76.15
355,Jhanjharpur,26.267401,86.296942
356,Jhansi Jn,25.448426,78.568459
357,Jhargram,22.45,86.983333
358,Jharsuguda Jn,21.85,84.03
359,Jind Jn,29.316667,76.316667
360,Jiribam,24.786435,93.15389
361,Jodhpur Jn,26.238947,73.024309
362,JOGBANI,26.39912,87.256858
363,Joginder Nagar,31.988723,76.79155
364,Jolarpettai,12.559229,78.576731
365,Jorhat,26.75,94.22
366,Junagadh Jn,21.522184,70.457877
367,KABAKA PUTTUR,12.786089,75.156727
368,Kacheguda,17.389673,78.496014
369,Kakinada Port,16.945612,82.261046
370,Kakinada Town,16.951111,82.252778
371,Kalka,30.83,76.93
372,Kalyan Jn,19.240331,73.130539
373,Kamakhya,26.166667,91.7
374,Kanalas Jn,22.320012,69.896501
375,Kannur,11.874478,75.370366
376,Kanpur Anwrganj,26.457218,80.32897
377,Kanpur Central,26.454349,80.351248
378,Kanyakumari,8.088306,77.538451
379,Kaptanganj Jn,26.928605,83.707105
380,KARAIKAL,10.92544,79.838006
381,KARAIKKUDI JN,10.073132,78.780154
382,KARIMGANJ JN,24.87,92.35
383,KARIMNAGAROA,18.438555,79.128841
384,Karjat,18.919225,73.327722
385,Karmali,15.496212,73.94186
386,Karur,10.95,78.08
387,Karwar,14.8,74.13
388,Kasara,19.643785,73.472527
389,Kasganj,27.80472,78.643681
390,Kashipur,29.210423,78.961885
391,KATANGI,21.770464,79.804459
392,KATHANA,29.554027,76.383986
393,Kathgodam,29.269326,79.54412
394,Katihar Jn,25.533508,87.583748
395,Katni,23.828381,80.418531
396,Katpadi Jn,12.972563,79.138199
397,Katwa,23.65,88.13
398,Kayankulam Jn,9.213571,76.527615
399,Kazipet Jn,17.972366,79.50345
400,Kcg Falaknuma,17.327352,78.47008
401,KENDUJHARGARH,21.51512,85.684578
402,Khairthal,27.801164,76.644159
403,KHAJURAHO,24.831845,79.919855
404,KHAMBHAT,22.322888,72.6299
405,Khamgaon,20.711622,76.566128
406,Khandwa,21.825733,76.352571
407,KHANUDIH,23.796462,86.177719
408,Kharagpur Jn,22.330239,87.323653
409,KHEDBRAHMA,24.028333,73.041389
410,KHEMKARAN,31.126115,74.486195
411,KHIJADIYAJN,21.623698,71.709975
412,KHOPOLI,18.79143,73.344183
413,Khurda Road JN,20.168645,85.257488
414,Khurja Jn,28.252222,77.851781
415,Kirandul,18.633644,81.25739
416,Kishanganj,26.307792,87.776333
417,Kiul Jn,25.146577,86.096278
418,Kochuveli,8.509819,76.897136
419,Koderma,24.47,85.6
420,Kodinar,20.800925,70.696031
421,Kolar,13.135745,78.132561
422,KOLKATA,22.572646,88.363895
423,Kollam Jn,8.893212,76.61414
424,KONCH,25.98,79.15
425,Koraput,18.813487,82.712333
426,Korba,22.35,82.68
427,Kosamba Jn,21.48,72.95
428,Kosi Kalan,27.787302,77.437118
429,Kot Kapura,30.591308,74.811534
430,Kota Jn,25.213816,75.864753
431,Kotdwara,29.752401,78.526903
432,Kottayam,9.591567,76.522153
433,Kozhikode,11.258753,75.78041
434,Krishnarajapurm,13.00062,77.67464
435,Kulem,15.331844,74.239942
436,Kumbakonam,10.961695,79.388113
437,Kuppam,12.747031,78.333016
438,Kurduvadi,18.096348,75.422101
439,Kurnool Town,15.828126,78.037279
440,Kurseong,26.882138,88.278851
441,Kurukshetra Jn,29.969512,76.878282
442,Lakhimpur,27.95,80.77
443,Lal Kuan,28.633168,77.473065
444,Lalgarh Jn,27.519994,73.910179
445,Lalgola,24.416667,88.25
446,Lalgudi,10.87,78.83
447,Latur,18.4,76.56
448,Laukaha Bazar,26.542994,86.46281
449,Ledo,27.294139,95.737881
450,Lingampally,17.479465,78.319902
451,LOHARDAGA,23.43,84.68
452,Lohian Khas Jn,31.16132,75.211099
453,Lokmanyatilak T,19.230391,72.839447
454,Lonavala,18.74806,73.40722
455,Londa Jn,15.456677,74.493591
456,Lower Haflong,25.189331,93.021324
457,Lucknow Ne,26.846511,80.946683
458,Lucknow Nr,26.846511,80.946683
459,Ludhiana Jn,30.900965,75.857276
460,Lumding Jn,25.751627,93.172876
461,Macherla,16.48,79.43
462,Machilipatnam,16.17,81.13
463,Madgaon,15.273611,73.958056
464,Madhupur Jn,24.26538,86.648017
465,Madurai Jn,9.925201,78.119775
466,MAHARAJGANJ,27.144604,83.562174
467,Mahbubabad,17.597528,80.001531
468,Mahbubnagar,16.741699,77.985901
469,Mahesana Jn,23.587961,72.369325
470,Mahoba,25.292096,79.872417
471,MAHUVA JN,21.090219,71.756317
472,Mailani,28.28,80.35
473,Mairabari,26.453501,92.424577
474,MAISHASHAN,24.823451,92.289233
475,Maksi,23.27,76.15
476,Malda Town,25.010841,88.141097
477,MALSAR,21.888791,73.314127
478,Manamadurai Jn,9.688998,78.458143
479,Mandar Hill,24.805888,87.026246
480,Mandasor,24.076836,75.069295
481,Mandla Fort,22.588322,80.369867
482,Manduadih,25.298138,82.962254
483,Manendragarh,23.215923,82.206706
484,Mangalore Cntl,12.914142,74.855957
485,MANGALORE JN,12.914142,74.855957
486,Manikpur Jn,25.069873,81.103057
487,Mankapur Jn,27.043215,82.212142
488,Manmad Jn,20.251179,74.436602
489,MANNARGUDI,10.664869,79.450715
490,MANOHARABAD,17.755421,78.454082
491,Manuguru,17.931207,80.82662
492,Mariani Jn,26.651571,94.32826
493,Marikuppam,12.92374,78.268971
494,Markapur Road,15.738957,79.264367
495,Marwar Jn,25.806656,73.331043
496,MASAGRAM,23.122912,88.02408
497,MATHERAN,18.988659,73.271179
498,Mathura Jn,27.492413,77.673673
499,Mau Jn,25.949638,83.558645
500,Mavli Jn,24.783333,73.983333
501,Mayiladuthurai,11.10184,79.652222
502,Mecheda,22.419599,87.866023
503,Medchal,17.630222,78.484213
504,Meerut Cant,28.993758,77.682244
505,Meerut City,28.984462,77.706414
506,Melmaruvattur,12.435878,79.833828
507,Merta City,26.644952,74.030942
508,MERTA ROAD JN,26.722474,73.915407
509,Mettupalaiyam,11.289087,76.940969
510,METUR DAM,11.8,77.8
511,Mhow,22.552437,75.756527
512,Midnapore,22.424,87.319
513,Miraj Jn,16.816502,74.642473
514,Miryalaguda,16.875311,79.565963
515,Mirzapali,18.017735,78.414792
516,MIYAGAMKJNNG,22.026425,73.0907
517,Modelgram,30.895374,75.836851
518,Moga,30.81646,75.171709
519,Mokameh Jn,25.3898,85.919097
520,MONU,28.065587,76.142689
521,Moradabad,28.831593,78.778276
522,MORBI,22.82,70.83
523,MOTIKORAL,21.836667,73.208709
524,Mughal Sarai Jn,25.281495,83.11982
525,Mumbai Central,18.969025,72.820529
526,Mumbai Cst,18.940971,72.834654
527,Munabao,25.744628,70.278036
528,Muri,23.378424,85.861418
529,Murkongselek,27.82919,95.219386
530,Murliganj,25.901024,86.994937
531,Murtajapur,20.729641,77.367893
532,Muzaffarpur Jn,26.120888,85.36472
533,Mysore Jn,12.29581,76.639381
534,Nabadwip Dham,23.397985,88.356851
535,Nadiad Jn,22.7,72.87
536,Nadikode,17.595012,81.063046
537,NAGAPPATTINAM,10.768802,79.839427
538,Nagarsol,20.101323,74.543216
539,Nagda Jn,23.453,75.415
540,Nagercoil Jn,8.183286,77.4119
541,Nagore,10.81278,79.8391
542,Nagpur,21.1458,79.088155
543,Nainpur JN,22.426606,80.10956
544,Najibabad Jn,29.612779,78.3446
545,Nakodar Jn,31.13,75.47
546,Nalhati Jn,24.292095,87.837784
547,Nanded,19.15,77.3
548,Nandol Dehegam,23.173634,72.815821
549,Nandurbar,21.375551,74.242764
550,Nandyal,15.478569,78.483093
551,Nangal Dam,31.381806,76.364053
552,Nanjangud Town,12.12,76.68
553,Narasapur,16.432983,81.69662
554,Narkatiaganj Jn,27.105556,84.465833
555,Narkher,17.901801,75.674628
556,Narwana Jn,29.591096,76.114599
557,Nathdwara,24.929141,73.821321
558,NAUTANWA,27.43,83.42
559,Nawagaon,29.422286,75.91729
560,Nellore,14.442599,79.986456
561,Nepalganj Road,28.574997,81.640938
562,Neral,19.024603,73.315717
563,New Alipurdaur,26.485962,89.54136
564,New Bongaigaon,26.511039,90.519329
565,New Cooch Behar,26.349045,89.465946
566,New Delhi,28.635308,77.22496
567,New Farakka Jn,24.791201,87.908602
568,New Jalpaguri,30.372498,76.824523
569,New Tinsukia Jn,27.479762,95.334011
570,Nidadavole Jn,16.92,81.67
571,Nilambur Road,11.33546,76.144805
572,Nimach,24.45,74.87
573,Nirmali,26.31074,86.572879
574,Nizamabad,18.672505,78.094087
575,Okha,22.466667,69.066667
576,Old Malda,25.055727,88.136459
577,Ongole,15.505723,80.049922
578,Pachora Jn,20.665511,75.347991
579,Palakkad,10.78673,76.654793
580,Palani,10.448919,77.520939
581,Palanpur Jn,24.174051,72.433099
582,Palasa,18.774716,84.409388
583,Palasdari,18.870546,73.32076
584,Palghat Town,10.78673,76.654793
585,Palia Kalan,28.430807,80.579951
586,Palitana,21.52,71.83
587,Palwal,28.148736,77.332026
588,PANDHARPUR,17.674554,75.323726
589,Panipat Jn,29.390946,76.963502
590,Panki,24.035711,84.477637
591,Panvel,18.989401,73.117516
592,PARADEEP,20.316552,86.611363
593,Parbhani Jn,19.260996,76.776665
594,Parli Vaijanath,18.851589,76.532885
595,Partapgarh Jn,30.888536,76.067474
596,Patan,27.666667,85.316667
597,Pathankot,32.264338,75.642112
598,Patiala,30.34,76.38
599,Patna Jn,25.611,85.144
600,Peddapalli,18.616183,79.38316
601,Pendra Road,22.913968,81.873465
602,Petlad Junction,22.483615,72.801351
603,Phaphund,26.6,79.47
604,Phulera Jn,26.87,75.23
605,Piduguralla,16.485156,79.890055
606,Pilibhit Jn,28.620794,79.812865
607,Porbandar,21.641707,69.629265
608,PRATAPNAGAR,26.807023,75.809787
609,Prayag,28.055653,80.857152
610,Prayag Ghat,25.306732,83.010437
611,Puducherry,11.91386,79.814472
612,Pulgaon Jn,20.726,78.317
613,Punalur,9.017,76.926
614,Pune Jn,18.52043,73.856744
615,Puri,19.813382,85.831465
616,Purna Jn,19.179026,77.030539
617,Purulia Jn,23.332078,86.365208
618,QADIAN,31.82,75.39
619,QUILON,8.893212,76.61414
620,Radhikapur,25.641242,88.4416
621,Rae Bareli Jn,26.23,81.25
622,RAGHOPUR,25.533812,85.383512
623,Raghunathpur,23.53438,86.668663
624,RAGHURAJSINGH,26.255756,80.879572
625,Raichur,16.2,77.37
626,Raigarh,21.9,83.4
627,Raipur Jn,21.251384,81.629641
628,Raja Ka Sahaspr,28.628192,78.779674
629,Rajahmundry,17.000538,81.804034
630,Rajgir,25.017257,85.416164
631,RAJIM,20.965,81.881667
632,Rajkot Jn,22.303895,70.80216
633,Rajmahal,25.053093,87.831643
634,Rajula City,21.041107,71.448824
635,RAMAKONA,21.718744,78.848173
636,Rameswaram,9.287625,79.312929
637,Ramnagar,29.394764,79.1265
638,Rampur Hat,24.17,87.78
639,Ramtek,21.4,79.33
640,Ranaghat Jn,23.18,88.58
641,Ranchi,23.3441,85.309562
642,Rangiya Jn,26.435536,91.620293
643,Ranuj,23.760017,72.223054
644,Ratangarh Jn,28.078657,74.621878
645,Ratlam Jn,23.33417,75.037632
646,Ratnagiri,16.990215,73.312023
647,Raxual Jn,26.981111,84.853056
648,Rayagada,19.17,83.42
649,Renigunta Jn,13.637311,79.503596
650,Repalle,16.017425,80.829475
651,Rewa,24.53,81.3
652,Rewari,28.183333,76.616667
653,Rishikesh,30.086928,78.267612
654,Rjndr Ngr Bihar,25.60556,85.120724
655,Rmgrh Shekhwati,28.169554,75.000012
656,Roha,18.432032,73.114307
657,Rohtak Jn,28.8909,76.5796
658,Rourkela,22.260423,84.853584
659,Roza Jn,28.620987,78.851004
660,Rupsa Jn,29.258333,81.533333
661,Sabalgarh,26.24698,77.407014
662,Saharanpur,29.964,77.546
663,Saharsa Jn,25.870556,86.601389
664,Sahibabad,28.665364,77.349335
665,Sahibganj Jn,25.235422,87.643314
666,Sai P Nilayam,17.490227,77.87163
667,Sainagar Shirdi,19.777678,74.503844
668,Sainthia,23.95,87.666667
669,Sakri Jn,20.992605,74.314074
670,Salem Jn,11.664325,78.146014
671,Salempur Jn,26.3,83.916667
672,Salur,18.516385,83.205086
673,Samastipur Jn,25.862968,85.781026
674,Sambalpur,21.47,83.97
675,SAMBHALHTMSAR,28.59,78.57
676,Sangli,16.867,74.567
677,Sanjan,20.192113,72.817944
678,Santragachi Jn,22.583918,88.28261
679,Sasaram,24.949036,84.03143
680,Satara,17.69139,74.00092
681,Satna,24.58,80.83
682,Saugor,23.838805,78.737807
683,Sawai Madhopur,25.983333,76.366667
684,Sawantwadi Road,15.95604,74.19579
685,Sealdah,22.565473,88.37128
686,Secunderabad Jn,17.43993,78.498274
687,SEHARABAZAR,23.111855,87.802206
688,SENGOTTAI,8.973333,77.246389
689,Shahdol,23.302189,81.356802
690,Shahganj Jn,24.701836,82.954189
691,Shahjahanpur,27.88,79.91
692,Shakti Nagar,24.120736,82.693053
693,Shakurbasti,28.679876,77.132157
694,Shalimar,22.559005,88.317257
695,SHAMLI,29.448056,77.310278
696,Sheopur Kalan,25.671182,76.700506
697,Shikohabad Jn,27.106176,78.588167
698,Shimla,31.104605,77.173424
699,Shimoga Town,13.92993,75.568101
700,Shoranur Jn,10.77,76.28
701,Shri Ganganagar,29.401855,73.559413
702,Shri Mata Vaishno Devi,29.376066,79.431075
703,Sikar Jn,27.6094,75.139911
704,Silchar,24.82,92.8
705,Silghat Town,26.603228,92.928832
706,Siliguri Jn,26.708382,88.426874
707,Simaluguri Jn,26.91992,94.761393
708,Sindri Town,22.806579,85.99302
709,Singrauli,24.202,82.666
710,SIRMUTTRA,27.023804,74.217933
711,Sirpur Kagaznagar,19.358146,79.482334
712,Sirpur Town,21.349598,74.879713
713,Sirsa,29.533593,75.017703
714,Sitamarhi,26.6,85.48
715,Sitapur,27.583904,80.666356
716,Sitapur Cant,27.557447,80.699462
717,Sitapur City,27.583904,80.666356
718,Siuri,23.916667,87.533333
719,Siwan Jn,26.219621,84.356659
720,Solapur Jn,17.659919,75.906391
721,Somnath,20.906002,70.384372
722,Sonipat,28.928575,77.091494
723,Sonpur Jn,20.933811,83.804868
724,SUBRAHMANYA ROAD,12.60275,75.484927
725,Sugauli Jn,26.757672,84.721107
726,Sujangarh,27.7,74.47
727,Sultanpur,26.264776,82.072706
728,Sulurupeta,13.70215,80.018072
729,Surat,21.17024,72.831061
730,Suratgarh Jn,29.3177,73.898936
731,Surendranagar,22.720132,71.649536
732,Talcher,20.950103,85.216816
733,Talguppa,14.215,74.912
734,Tambaram,12.922915,80.127456
735,Tanakpur,29.072238,80.106565
736,Tandur,17.257576,77.587463
737,TANTPUR,26.839751,77.473065
738,Taranga Hill,23.965823,72.752473
739,Tarighat,21.028417,81.604051
740,Tatanagar Jn,23.048268,84.572005
741,TEJNARAYANPUR,26.95179,93.859168
742,Tenali Jn,16.243,80.64
743,Thane,19.218331,72.97809
744,Thanjavur,10.786999,79.137827
745,Thawe Junction,26.439172,84.394612
746,Thiruttani,13.175849,79.610905
747,THIRUVARUR JN,10.771319,79.636997
748,Thrissur,10.527642,76.214435
749,Tikunia,28.37765,80.989838
750,Tilaiya,23.744611,85.738801
751,Tilak Bridge,28.628016,77.237434
752,Tinpahar Jn,24.99246,87.740653
753,Tinsukia Jn,27.492191,95.346775
754,Tirodi,21.685861,79.723161
755,TIRUCHENDUR,8.496308,78.125085
756,Tiruchirapalli,10.790483,78.704673
757,Tirunelveli,8.73,77.7
758,Tirupati,13.628756,79.419179
759,Titlagarh,20.3,83.15
760,TITVALA,19.299,73.223839
761,Trivandrum Cntl,8.4875,76.9525
762,Tumkur,13.34,77.1
763,Tumsar Road,21.364638,79.899077
764,Tundla Jn,27.213522,78.239071
765,Tuticorin,8.764166,78.134836
766,Udagamandalam,11.41,76.7
767,Udaipur City,24.58,73.68
768,Udhampur,32.912859,75.142863
769,Udhna Jn,21.14661,72.843041
770,Ujjain Jn,23.179301,75.78491
771,Uluberiya,22.474436,88.100038
772,UMARPADA,21.445761,73.482837
773,Umbargam Road,20.173812,72.763966
774,Una Himachal,31.463842,76.269784
775,Unchahar Jn,25.9,81.3
776,Vadodara Jn,22.307159,73.181219
777,Vadtal Swaminarayan,22.591782,72.874448
778,Valsad,20.599235,72.934245
779,Vapi,20.366667,72.9
780,Varanasi City,25.317645,82.973914
781,Varanasi Jn,25.317645,82.973914
782,Vasai Road,19.382389,72.832162
783,Vasco Da Gama,15.386033,73.84404
784,Velankanni,10.681926,79.84368
785,VELLANKANNI,10.681926,79.84368
786,Vellore Cantt,12.916517,79.132499
787,Veraval,20.915898,70.362852
788,Vijapur,23.57,72.75
789,Vijayawada Jn,16.506174,80.648015
790,Vikarabad Jn,17.33643,77.904848
791,Villupuram Jn,11.941,79.493
792,Vindhyachal,22.941844,82.599713
793,Viramgam Jn,23.123638,72.052742
794,Virar,19.47,72.8
795,Virudhunagar Jn,9.583333,77.95
796,Visakhapatnam,17.686816,83.218482
797,Vizianagaram Jn,18.106658,83.395551
798,Vriddhachalam Jn,11.519588,79.325158
799,Vrindavan,27.58,77.7
800,Wadi,21.1476,78.979857
801,Wadsa,20.624521,79.961067
802,WAGHAI,20.773729,73.497566
803,Wankaner Jn,22.621369,70.953048
804,Warangal,17.968901,79.594054
805,WARASEONI,21.764722,80.049444
806,Wardha Jn,20.745319,78.602195
807,Yamuna Bdg Agra,27.205137,78.0348
808,Yavatmal Terminus,20.388794,78.120407
809,Yesvantpur Jn,13.019957,77.546179